{
  "elastic_net_coefs": {
    "features": [
      "ret_1m",
      "ret_3m",
      "ret_6m",
      "ret_12m",
      "vol_12m",
      "max_dd_12m",
      "sharpe_12m",
      "vol_intrames",
      "autocorr_diaria",
      "ratio_dias_cero",
      "fee",
      "log_n_instrumentos",
      "fee_disponible",
      "concentracion_disponible",
      "ret_3m_rank",
      "ret_12m_rank",
      "vol_12m_rank",
      "sharpe_12m_rank",
      "fee_rank",
      "log_n_instrumentos_rank",
      "vol_intrames_rank",
      "autocorr_diaria_rank",
      "ratio_dias_cero_rank"
    ],
    "mean": [
      0.0,
      0.0,
      -0.00035371086998545556,
      -0.003529136265495111,
      0.0,
      -0.0028459232722048665,
      0.004209573347722855,
      0.00027184262337782224,
      0.0,
      0.0,
      0.0,
      -7.054478091487777e-05,
      0.0,
      0.0,
      0.0007484505899967,
      0.0016256037453586444,
      -0.0023391358974963,
      0.0007815448151835778,
      9.485283230397778e-05,
      -0.003022573029595578,
      0.0003666778350448778,
      0.0012244905459463111,
      0.0
    ],
    "std": [
      0.0,
      0.0,
      0.0010611326099563667,
      0.010587408796485334,
      0.0,
      0.008148127398701296,
      0.012628720043168565,
      0.0008155278701334667,
      0.0,
      0.0,
      0.0,
      0.00021163434274463333,
      0.0,
      0.0,
      0.001628049407885647,
      0.004876811236075933,
      0.004594939755062841,
      0.0019348876232600167,
      0.00028455849691193334,
      0.004578760785003575,
      0.0011000335051346334,
      0.0018687628675640973,
      0.0
    ]
  },
  "elastic_net_hyperparams": {
    "alpha_mean": 0.57,
    "l1_ratio_mean": 0.1888888888888889
  },
  "lgbm_importance": {
    "features": [
      "ret_1m",
      "ret_3m",
      "ret_6m",
      "ret_12m",
      "vol_12m",
      "max_dd_12m",
      "sharpe_12m",
      "vol_intrames",
      "autocorr_diaria",
      "ratio_dias_cero",
      "fee",
      "log_n_instrumentos",
      "fee_disponible",
      "concentracion_disponible",
      "ret_3m_rank",
      "ret_12m_rank",
      "vol_12m_rank",
      "sharpe_12m_rank",
      "fee_rank",
      "log_n_instrumentos_rank",
      "vol_intrames_rank",
      "autocorr_diaria_rank",
      "ratio_dias_cero_rank"
    ],
    "mean": [
      116.11111111111111,
      109.55555555555556,
      178.88888888888889,
      146.44444444444446,
      194.33333333333334,
      387.55555555555554,
      128.44444444444446,
      141.44444444444446,
      114.44444444444444,
      4.555555555555555,
      0.0,
      139.0,
      0.0,
      1.1111111111111112,
      142.88888888888889,
      236.55555555555554,
      322.3333333333333,
      196.0,
      393.22222222222223,
      170.44444444444446,
      179.22222222222223,
      86.11111111111111,
      65.88888888888889
    ]
  }
}