{
  "elastic_net_coefs": {
    "features": [
      "ret_1m",
      "ret_3m",
      "ret_6m",
      "ret_12m",
      "vol_12m",
      "max_dd_12m",
      "sharpe_12m",
      "vol_intrames",
      "autocorr_diaria",
      "ratio_dias_cero",
      "skewness_12m",
      "hit_rate_12m",
      "distribution_yield_12m",
      "persistencia_rank_12m",
      "fee",
      "log_n_instrumentos",
      "pct_acum",
      "fee_observado",
      "concentracion_disponible",
      "ret_3m_rank",
      "ret_12m_rank",
      "vol_12m_rank",
      "sharpe_12m_rank",
      "max_dd_12m_rank",
      "fee_rank",
      "log_n_instrumentos_rank",
      "pct_acum_rank",
      "vol_intrames_rank",
      "autocorr_diaria_rank",
      "ratio_dias_cero_rank",
      "skewness_12m_rank",
      "hit_rate_12m_rank"
    ],
    "mean": [
      -0.00047562029597175557,
      0.00011321302200774445,
      -0.00034565636152464443,
      0.015767185595191444,
      -0.0062923420769439445,
      0.0033791659428933666,
      -0.021093817791917435,
      -0.004940132522664634,
      -2.176664347043333e-05,
      -0.00030323683726618886,
      0.00031693253600826666,
      0.0032522847306740775,
      -0.0290196689890229,
      0.007926052125987133,
      -0.040136905352094604,
      0.0,
      -0.0017671835301992888,
      0.0,
      0.0019120666197214998,
      0.00019567081811462216,
      0.00027967664690867785,
      -0.044540466857585156,
      -0.002878062350097467,
      -0.0016745061774686221,
      0.002231446710480311,
      -0.004381928243827433,
      4.186605238338889e-05,
      -0.030498918481020605,
      0.001852327258327122,
      0.0,
      0.026166792797515447,
      -0.0005856309369827111
    ],
    "std": [
      0.0009889632735687846,
      0.00023818439858891346,
      0.0009137256055985133,
      0.024068681217606403,
      0.008381642404013906,
      0.004121339701416133,
      0.03186653410665444,
      0.004471953810064767,
      6.529993041129999e-05,
      0.0007254299730180612,
      0.0008826297512553968,
      0.0053876155592284935,
      0.008827393387222555,
      0.004876198537555198,
      0.011154938471270246,
      0.0,
      0.0026740744457285437,
      0.0,
      0.0029084180626069494,
      0.0023959689594356248,
      0.002294575800865196,
      0.01378866862448119,
      0.004379468896383309,
      0.005000242812738112,
      0.00339432441416227,
      0.002917087779634559,
      0.00012559815715016667,
      0.005758930850444332,
      0.0031989757644601334,
      0.0,
      0.010063574174920143,
      0.0014742625969965618
    ]
  },
  "elastic_net_hyperparams": {
    "alpha_mean": 0.009000000000000001,
    "l1_ratio_mean": 0.4555555555555555
  },
  "lgbm_importance": {
    "features": [
      "ret_1m",
      "ret_3m",
      "ret_6m",
      "ret_12m",
      "vol_12m",
      "max_dd_12m",
      "sharpe_12m",
      "vol_intrames",
      "autocorr_diaria",
      "ratio_dias_cero",
      "skewness_12m",
      "hit_rate_12m",
      "distribution_yield_12m",
      "persistencia_rank_12m",
      "fee",
      "log_n_instrumentos",
      "pct_acum",
      "fee_observado",
      "concentracion_disponible",
      "ret_3m_rank",
      "ret_12m_rank",
      "vol_12m_rank",
      "sharpe_12m_rank",
      "max_dd_12m_rank",
      "fee_rank",
      "log_n_instrumentos_rank",
      "pct_acum_rank",
      "vol_intrames_rank",
      "autocorr_diaria_rank",
      "ratio_dias_cero_rank",
      "skewness_12m_rank",
      "hit_rate_12m_rank"
    ],
    "mean": [
      47.333333333333336,
      50.0,
      95.66666666666667,
      116.22222222222223,
      146.33333333333334,
      295.3333333333333,
      65.88888888888889,
      80.0,
      51.77777777777778,
      1.1111111111111112,
      107.55555555555556,
      39.666666666666664,
      358.55555555555554,
      115.33333333333333,
      113.11111111111111,
      72.55555555555556,
      126.0,
      0.0,
      0.2222222222222222,
      75.33333333333333,
      142.66666666666666,
      193.0,
      109.0,
      185.0,
      218.55555555555554,
      105.33333333333333,
      231.88888888888889,
      124.88888888888889,
      38.44444444444444,
      29.22222222222222,
      140.22222222222223,
      144.77777777777777
    ]
  }
}