{
  "elastic_net_coefs": {
    "features": [
      "ret_1m",
      "ret_3m",
      "ret_6m",
      "ret_12m",
      "vol_12m",
      "max_dd_12m",
      "sharpe_12m",
      "vol_intrames",
      "autocorr_diaria",
      "ratio_dias_cero",
      "skewness_12m",
      "hit_rate_12m",
      "distribution_yield_12m",
      "persistencia_rank_12m",
      "fee",
      "log_n_instrumentos",
      "pct_acum",
      "fee_observado",
      "concentracion_disponible",
      "ret_3m_rank",
      "ret_12m_rank",
      "vol_12m_rank",
      "sharpe_12m_rank",
      "max_dd_12m_rank",
      "fee_rank",
      "log_n_instrumentos_rank",
      "pct_acum_rank",
      "vol_intrames_rank",
      "autocorr_diaria_rank",
      "ratio_dias_cero_rank",
      "skewness_12m_rank",
      "hit_rate_12m_rank"
    ],
    "mean": [
      -2.6219670264448343e-06,
      -0.00022184257658987573,
      0.001849798639708114,
      -0.00037592842542691384,
      -0.0042859264553523095,
      1.8309964061596416e-05,
      -0.004067870090155307,
      -0.0018158170235338827,
      -4.5251919987410354e-05,
      0.0012143336515210658,
      0.0010922106458176966,
      0.0008401531193226484,
      -0.0022355662834208966,
      0.006595078825667652,
      -0.007650741300942813,
      -6.978460549473726e-05,
      -3.1088705877118847e-06,
      0.0,
      0.00035175011717979317,
      0.0011458995453191725,
      0.0012456730664810482,
      -0.008052311294750937,
      0.005119772898866045,
      0.0020203460945887003,
      -0.0007573312790482426,
      0.0003922305432700933,
      0.0016759591338096308,
      -0.007659189255785166,
      -0.0017648966748546964,
      0.0005965099259186033,
      0.0009362166854232206,
      0.00461952165016641
    ],
    "std": [
      0.0005178804097578368,
      0.002455627379915655,
      0.004645258560531518,
      0.005855372966103422,
      0.010237762812302166,
      0.009580077647071415,
      0.007968278309131474,
      0.0040732214427456484,
      0.0001882972632167641,
      0.0017004699068151141,
      0.002853175191593443,
      0.0021600150585610735,
      0.01479142410123376,
      0.01073940993008126,
      0.009347111282118303,
      0.0003603418566913443,
      0.0005799598630082329,
      0.0,
      0.0016915549268534918,
      0.005358850150973245,
      0.0029918293541126295,
      0.01468698275495031,
      0.011321025406609375,
      0.00769286742000986,
      0.0038679355699135646,
      0.00610165498992095,
      0.004795356324770133,
      0.008644354241779775,
      0.004552662912823654,
      0.001118884469087015,
      0.006460299478532165,
      0.010002483546876342
    ]
  },
  "elastic_net_hyperparams": {
    "alpha_mean": 0.20520689655172414,
    "l1_ratio_mean": 0.293103448275862
  },
  "lgbm_importance": {
    "features": [
      "ret_1m",
      "ret_3m",
      "ret_6m",
      "ret_12m",
      "vol_12m",
      "max_dd_12m",
      "sharpe_12m",
      "vol_intrames",
      "autocorr_diaria",
      "ratio_dias_cero",
      "skewness_12m",
      "hit_rate_12m",
      "distribution_yield_12m",
      "persistencia_rank_12m",
      "fee",
      "log_n_instrumentos",
      "pct_acum",
      "fee_observado",
      "concentracion_disponible",
      "ret_3m_rank",
      "ret_12m_rank",
      "vol_12m_rank",
      "sharpe_12m_rank",
      "max_dd_12m_rank",
      "fee_rank",
      "log_n_instrumentos_rank",
      "pct_acum_rank",
      "vol_intrames_rank",
      "autocorr_diaria_rank",
      "ratio_dias_cero_rank",
      "skewness_12m_rank",
      "hit_rate_12m_rank"
    ],
    "mean": [
      67.86206896551724,
      80.58620689655173,
      103.13793103448276,
      104.20689655172414,
      149.72413793103448,
      201.3448275862069,
      113.17241379310344,
      81.65517241379311,
      58.89655172413793,
      10.0,
      112.51724137931035,
      17.586206896551722,
      211.27586206896552,
      92.41379310344827,
      44.275862068965516,
      11.758620689655173,
      40.206896551724135,
      0.0,
      0.41379310344827586,
      100.06896551724138,
      105.89655172413794,
      141.75862068965517,
      88.10344827586206,
      138.86206896551724,
      134.0,
      142.31034482758622,
      105.3103448275862,
      98.72413793103448,
      47.93103448275862,
      44.37931034482759,
      109.20689655172414,
      136.06896551724137
    ]
  }
}