{
  "elastic_net_coefs": {
    "features": [
      "ret_1m",
      "ret_3m",
      "ret_6m",
      "ret_12m",
      "vol_12m",
      "max_dd_12m",
      "sharpe_12m",
      "vol_intrames",
      "autocorr_diaria",
      "ratio_dias_cero",
      "skewness_12m",
      "hit_rate_12m",
      "distribution_yield_12m",
      "persistencia_rank_12m",
      "fee",
      "log_n_instrumentos",
      "pct_acum",
      "fee_observado",
      "concentracion_disponible",
      "ret_3m_rank",
      "ret_12m_rank",
      "vol_12m_rank",
      "sharpe_12m_rank",
      "max_dd_12m_rank",
      "fee_rank",
      "log_n_instrumentos_rank",
      "pct_acum_rank",
      "vol_intrames_rank",
      "autocorr_diaria_rank",
      "ratio_dias_cero_rank",
      "skewness_12m_rank",
      "hit_rate_12m_rank"
    ],
    "mean": [
      -0.0002634850718246666,
      0.0002135331344135889,
      -0.0002970290849094333,
      0.012032408180979245,
      -0.0086931874429702,
      -0.0025867787190683774,
      -0.018551375240519134,
      -0.0052653542095392435,
      -2.4133088013222223e-05,
      -2.0149677690322818e-06,
      0.0003473571763664667,
      0.0046821304889918995,
      -0.03274957041523234,
      0.010957316874995278,
      -0.04131738515491988,
      0.0,
      -0.0015790527659078333,
      0.0,
      0.0019395990408302556,
      0.0001438821431130889,
      0.00013910246665575554,
      -0.046408348520512836,
      -0.0023055011852399,
      -0.004206571404846256,
      0.002734127115273622,
      -0.004666776315529132,
      0.0001385860860765,
      -0.03264812907983086,
      0.0016508037474226665,
      0.0,
      0.024064354706000615,
      -0.0013502059630455332
    ],
    "std": [
      0.0007350151187632332,
      0.00042371778597094826,
      0.0006176333853092145,
      0.020351631549076942,
      0.01011333470474717,
      0.006550247129755335,
      0.027998066165483167,
      0.004153863555461371,
      7.239926403966667e-05,
      0.0017166316340704812,
      0.0007266710027014827,
      0.006145965353193064,
      0.0068792878686569844,
      0.004978187484328072,
      0.010086822917394664,
      0.0,
      0.0023911166422086786,
      0.0,
      0.0028120859300872873,
      0.0024591093089528365,
      0.002320395829693615,
      0.013522686228888433,
      0.0035337272054047275,
      0.006891219545559876,
      0.004167250577813969,
      0.002673939342044435,
      0.00037323807225982336,
      0.004844095268757013,
      0.003184078710164647,
      0.0,
      0.014166475513495692,
      0.002455854719186504
    ]
  },
  "elastic_net_hyperparams": {
    "alpha_mean": 0.01,
    "l1_ratio_mean": 0.3222222222222222
  },
  "lgbm_importance": {
    "features": [
      "ret_1m",
      "ret_3m",
      "ret_6m",
      "ret_12m",
      "vol_12m",
      "max_dd_12m",
      "sharpe_12m",
      "vol_intrames",
      "autocorr_diaria",
      "ratio_dias_cero",
      "skewness_12m",
      "hit_rate_12m",
      "distribution_yield_12m",
      "persistencia_rank_12m",
      "fee",
      "log_n_instrumentos",
      "pct_acum",
      "fee_observado",
      "concentracion_disponible",
      "ret_3m_rank",
      "ret_12m_rank",
      "vol_12m_rank",
      "sharpe_12m_rank",
      "max_dd_12m_rank",
      "fee_rank",
      "log_n_instrumentos_rank",
      "pct_acum_rank",
      "vol_intrames_rank",
      "autocorr_diaria_rank",
      "ratio_dias_cero_rank",
      "skewness_12m_rank",
      "hit_rate_12m_rank"
    ],
    "mean": [
      38.111111111111114,
      47.333333333333336,
      106.44444444444444,
      110.55555555555556,
      150.44444444444446,
      301.55555555555554,
      67.11111111111111,
      74.11111111111111,
      48.666666666666664,
      1.5555555555555556,
      123.0,
      37.888888888888886,
      349.55555555555554,
      120.22222222222223,
      110.11111111111111,
      69.0,
      128.0,
      0.0,
      0.4444444444444444,
      73.11111111111111,
      148.88888888888889,
      196.11111111111111,
      105.33333333333333,
      179.0,
      244.66666666666666,
      99.22222222222223,
      231.11111111111111,
      120.0,
      37.22222222222222,
      26.88888888888889,
      124.77777777777777,
      153.11111111111111
    ]
  }
}