{
  "elastic_net_coefs": {
    "features": [
      "ret_1m",
      "ret_3m",
      "ret_6m",
      "ret_12m",
      "vol_12m",
      "max_dd_12m",
      "sharpe_12m",
      "fee",
      "log_n_instrumentos",
      "fee_disponible",
      "concentracion_disponible",
      "ret_3m_rank",
      "ret_12m_rank",
      "vol_12m_rank",
      "sharpe_12m_rank",
      "fee_rank",
      "log_n_instrumentos_rank"
    ],
    "mean": [
      0.0,
      0.0,
      -0.0007253522957098223,
      -0.005994008972677978,
      0.0001512161734246,
      -0.004553304161093811,
      0.006884120664428222,
      0.0,
      -8.889925933817777e-05,
      0.0,
      -0.0002102073023715,
      0.0011948882375136447,
      0.0019177135331319998,
      -0.0027786041356284664,
      0.00025475809023014443,
      0.00015565281650797776,
      -0.0032923881081731114
    ],
    "std": [
      0.0,
      0.0,
      0.0014455376977604184,
      0.01198032003928151,
      0.0004536485202738,
      0.00909097612901962,
      0.013793528243864088,
      0.0,
      0.0002666977780145333,
      0.0,
      0.0006306219071145,
      0.002438560832972188,
      0.004859346689018436,
      0.004595258030083121,
      0.0005075104564121471,
      0.0003456249087123355,
      0.004081532927691065
    ]
  },
  "elastic_net_hyperparams": {
    "alpha_mean": 0.45999999999999996,
    "l1_ratio_mean": 0.23333333333333334
  },
  "lgbm_importance": {
    "features": [
      "ret_1m",
      "ret_3m",
      "ret_6m",
      "ret_12m",
      "vol_12m",
      "max_dd_12m",
      "sharpe_12m",
      "fee",
      "log_n_instrumentos",
      "fee_disponible",
      "concentracion_disponible",
      "ret_3m_rank",
      "ret_12m_rank",
      "vol_12m_rank",
      "sharpe_12m_rank",
      "fee_rank",
      "log_n_instrumentos_rank"
    ],
    "mean": [
      133.22222222222223,
      137.11111111111111,
      207.0,
      179.11111111111111,
      247.22222222222223,
      475.55555555555554,
      157.22222222222223,
      0.0,
      136.55555555555554,
      0.0,
      3.2222222222222223,
      172.22222222222223,
      256.0,
      404.8888888888889,
      247.33333333333334,
      468.0,
      200.11111111111111
    ]
  }
}