{
  "as_of": "2024-12-31",
  "n_funds": 250,
  "n_months": 108,
  "n_folds": 9,
  "metrics_summary": {
    "elastic": {
      "ic_mean": 0.1957394951414164,
      "ic_ir": 0.9423405139161694,
      "ic_hit_meses": 0.8518518518518519,
      "ic_ci95_low": 0.15602059687019385,
      "ic_ci95_high": 0.2354745484569785,
      "spread_q5_q1": -0.009496135997538924,
      "hit_top25": 0.5322866846780604
    },
    "lgbm": {
      "ic_mean": 0.08601018209322418,
      "ic_ir": 0.32378942506270053,
      "ic_hit_meses": 0.6481481481481481,
      "ic_ci95_low": 0.03543823649081215,
      "ic_ci95_high": 0.13562377068517145,
      "spread_q5_q1": -0.022818171320877854,
      "hit_top25": 0.5062842629526842
    },
    "benchmark": {
      "ic_mean": 0.12000225341905148,
      "ic_ir": 0.5309015569904877,
      "ic_hit_meses": 0.7222222222222222,
      "ic_ci95_low": 0.07486502195894813,
      "ic_ci95_high": 0.1620025371032936,
      "spread_q5_q1": 0.009726129061125053,
      "hit_top25": 0.5599701548855405
    },
    "axiomatic": {
      "ic_mean": 0.14925523873593818,
      "ic_ir": 0.49775661161149376,
      "ic_hit_meses": 0.6944444444444444,
      "ic_ci95_low": 0.0898130545675557,
      "ic_ci95_high": 0.20416128045512352,
      "spread_q5_q1": -0.007261449391423002,
      "hit_top25": 0.5327146340708956
    }
  },
  "diebold_mariano_elastic_vs_benchmark": {
    "stat": -1.7641392713243873,
    "p_value": 0.07770853408657441,
    "n": 108
  },
  "diebold_mariano_elastic_vs_axiomatic": {
    "stat": -1.0348101989658927,
    "p_value": 0.3007575589514244,
    "n": 108
  },
  "primary_model": "elastic",
  "training_target": "target_sharpe_rank_12m",
  "scorers_compared": [
    "elastic",
    "lgbm",
    "benchmark",
    "axiomatic"
  ]
}