{
  "as_of": "2024-12-31",
  "n_funds": 250,
  "n_months": 108,
  "n_folds": 9,
  "metrics_summary": {
    "elastic": {
      "ic_mean": 0.18976235586650442,
      "ic_ir": 0.8535694008436844,
      "ic_hit_meses": 0.7962962962962963,
      "ic_ci95_low": 0.14706203238595575,
      "ic_ci95_high": 0.23246599627482678,
      "spread_q5_q1": -0.01299694761013801,
      "hit_top25": 0.5352712132309537
    },
    "lgbm": {
      "ic_mean": 0.14969756007791218,
      "ic_ir": 0.5899401276668101,
      "ic_hit_meses": 0.7592592592592593,
      "ic_ci95_low": 0.09969113176139743,
      "ic_ci95_high": 0.19857595852413112,
      "spread_q5_q1": -0.016377055093087494,
      "hit_top25": 0.548039989227929
    },
    "benchmark": {
      "ic_mean": 0.11726106626022972,
      "ic_ir": 0.5033287530416104,
      "ic_hit_meses": 0.7129629629629629,
      "ic_ci95_low": 0.0716148809380658,
      "ic_ci95_high": 0.16008041052746563,
      "spread_q5_q1": 0.004517318585456563,
      "hit_top25": 0.5577774394449068
    },
    "axiomatic": {
      "ic_mean": 0.1525034631657406,
      "ic_ir": 0.5068304305634471,
      "ic_hit_meses": 0.7129629629629629,
      "ic_ci95_low": 0.0931717518049084,
      "ic_ci95_high": 0.20758924048773947,
      "spread_q5_q1": -0.010274634313841298,
      "hit_top25": 0.5336268907307216
    }
  },
  "diebold_mariano_elastic_vs_benchmark": {
    "stat": -1.6778094379297013,
    "p_value": 0.09338430629642325,
    "n": 108
  },
  "diebold_mariano_elastic_vs_axiomatic": {
    "stat": -0.8443251220854023,
    "p_value": 0.39848775152939053,
    "n": 108
  },
  "primary_model": "elastic",
  "training_target": "target_sharpe_rank_12m",
  "scorers_compared": [
    "elastic",
    "lgbm",
    "benchmark",
    "axiomatic"
  ]
}