{
  "as_of": "2024-12-31",
  "n_funds": 250,
  "n_months": 108,
  "n_folds": 9,
  "metrics_summary": {
    "elastic": {
      "ic_mean": -0.0819876090794933,
      "ic_ir": -0.4186298558552612,
      "ic_hit_meses": 0.22916666666666666,
      "ic_ci95_low": -0.13734164989726008,
      "ic_ci95_high": -0.02712424920579436,
      "spread_q5_q1": -0.016602385454428985,
      "hit_top25": 0.4834404896883767
    },
    "lgbm": {
      "ic_mean": -0.012868496713425702,
      "ic_ir": -0.0569622064104174,
      "ic_hit_meses": 0.4537037037037037,
      "ic_ci95_low": -0.056341416079608644,
      "ic_ci95_high": 0.03136462094109739,
      "spread_q5_q1": -0.0019354233439192608,
      "hit_top25": 0.4819829874270479
    },
    "benchmark": {
      "ic_mean": 0.031193070534309766,
      "ic_ir": 0.08849433173359823,
      "ic_hit_meses": 0.6111111111111112,
      "ic_ci95_low": -0.03831819043974644,
      "ic_ci95_high": 0.096968153907982,
      "spread_q5_q1": -0.0024078586733887464,
      "hit_top25": 0.5260023154766514
    }
  },
  "diebold_mariano_elastic_vs_benchmark": {
    "stat": 1.3267765901128004,
    "p_value": 0.18458259653702846,
    "n": 48
  },
  "primary_model": "elastic"
}