{
  "as_of": "2024-12-31",
  "n_funds": 250,
  "n_months": 108,
  "n_folds": 9,
  "metrics_summary": {
    "elastic": {
      "ic_mean": 0.00612813685392388,
      "ic_ir": 0.02193705103523459,
      "ic_hit_meses": 0.43333333333333335,
      "ic_ci95_low": -0.0631913954941391,
      "ic_ci95_high": 0.07561960072154343,
      "spread_q5_q1": -0.002560362589205336,
      "hit_top25": 0.5048018497240703
    },
    "lgbm": {
      "ic_mean": -0.04462052540278058,
      "ic_ir": -0.19881866516770474,
      "ic_hit_meses": 0.39814814814814814,
      "ic_ci95_low": -0.08781538004262099,
      "ic_ci95_high": -0.002078407444946432,
      "spread_q5_q1": -0.015495868667893334,
      "hit_top25": 0.4600098009093902
    },
    "benchmark": {
      "ic_mean": 0.03087264495537618,
      "ic_ir": 0.08771218112619159,
      "ic_hit_meses": 0.6111111111111112,
      "ic_ci95_low": -0.03862113975762144,
      "ic_ci95_high": 0.09641043913374066,
      "spread_q5_q1": -0.002550487254041644,
      "hit_top25": 0.5255387621287955
    }
  },
  "diebold_mariano_elastic_vs_benchmark": {
    "stat": 0.4351385208589399,
    "p_value": 0.6634618842932878,
    "n": 60
  },
  "primary_model": "elastic"
}