fold,alpha,l1_ratio,ret_1m,ret_3m,ret_6m,ret_12m,vol_12m,max_dd_12m,sharpe_12m,vol_intrames,autocorr_diaria,ratio_dias_cero,fee,log_n_instrumentos,fee_disponible,concentracion_disponible,ret_3m_rank,ret_12m_rank,vol_12m_rank,sharpe_12m_rank,fee_rank,log_n_instrumentos_rank,vol_intrames_rank,autocorr_diaria_rank,ratio_dias_cero_rank
0,1.0,0.1,0.0,0.0,0.0,0.0,0.0,0.0,0.0,0.0,0.0,0.0,0.0,0.0,0.0,0.0,0.0,0.0,0.0,0.0,0.0,0.0,0.0,0.0,0.0
1,0.1,0.1,-0.0,0.0,-0.0,0.0,-0.0,-0.0,-0.0,-0.0,0.0,-0.0,0.0,-0.0,0.0,0.0,0.0,0.0,-0.008480943908082678,-0.0,0.0,-0.0,-0.0,0.0044402172644675076,-0.0
2,1.0,0.1,0.0,0.0,0.0,0.0,0.0,0.0,0.0,0.0,0.0,0.0,0.0,0.0,0.0,0.0,0.0,0.0,0.0,0.0,0.0,0.0,0.0,0.0,0.0
3,1.0,0.1,0.0,0.0,0.0,0.0,0.0,0.0,0.0,0.0,0.0,0.0,0.0,0.0,0.0,0.0,0.0,0.0,0.0,0.0,0.0,0.0,0.0,0.0,0.0
4,1.0,0.1,0.0,0.0,0.0,0.0,0.0,0.0,0.0,0.0,0.0,0.0,0.0,0.0,0.0,0.0,0.0,0.0,0.0,0.0,0.0,0.0,0.0,0.0,0.0
5,0.01,0.5,-0.0,0.0,-0.0,0.0,-0.0,0.0,0.0,0.0,0.0,-0.0,0.0,-0.0,0.0,-0.0,0.0,0.014630433708227857,-0.012082485364705506,0.0012028931636921972,0.0,-0.010290414775988016,0.0,0.0,-0.0
6,0.01,0.5,0.0,0.0,-0.0,-0.0,0.0,-0.0010591327777515146,0.0,0.002446583610400414,0.0,0.0,0.0,-0.0,0.0,-0.0,0.002034096810143027,0.0,0.0,0.005831010172960152,0.0,-0.00917430806300059,0.003300100515403972,0.00347389383200032,-0.0
7,1.0,0.1,0.0,0.0,0.0,0.0,0.0,0.0,0.0,0.0,0.0,0.0,0.0,0.0,0.0,0.0,0.0,0.0,0.0,0.0,0.0,0.0,0.0,0.0,0.0
8,0.01,0.1,0.0,0.0,-0.003183397829869121,-0.03176222638945601,0.0,-0.024554176672092382,0.037886160129505714,-0.0,0.0,0.0,0.0,-0.0006349030282339864,0.0,-0.0,0.00470195849982733,-0.0,-0.000488793804678605,0.0,0.0008536754907358945,-0.007738434427371778,-0.0,0.0031063038170490807,-0.0
