fold,alpha,l1_ratio,sharpe_12m_rank,ret_3m_rank,max_dd_12m,vol_intrames,autocorr_diaria
0,1.0,0.1,0.0,0.0,0.0,0.0,0.0
1,0.1,0.1,0.0,0.0,0.0,0.0,0.0
2,1.0,0.1,0.0,0.0,0.0,0.0,0.0
3,1.0,0.1,0.0,0.0,0.0,0.0,0.0
4,1.0,0.1,0.0,0.0,0.0,0.0,0.0
5,0.01,0.5,0.01899470863083761,0.0,0.0,-0.0,0.0
6,0.001,0.1,0.011633485784798595,0.005544864281722931,-0.007346942224721811,0.007151064870440155,0.005494859043516306
7,1.0,0.1,0.0,0.0,0.0,0.0,0.0
8,0.01,0.1,0.001543828722803981,0.0026016405830113615,-0.01590556800242245,-0.0,0.0006540647425290017
